subscripts,defective
phillippines,Error Free
phillippines,Error Free
phillippines,Error Free
phillippines,Error Free
phillippines,Error Free
phillippines,Error Free
phillippines,Error Free
phillippines,Error Free
phillippines,Error Free
phillippines,Error Free
phillippines,Defective
phillippines,Error Free
phillippines,Error Free
phillippines,Error Free
phillippines,Error Free
phillippines,Error Free
phillippines,Error Free
phillippines,Error Free
phillippines,Error Free
phillippines,Defective
phillippines,Error Free
phillippines,Error Free
phillippines,Error Free
phillippines,Defective
phillippines,Error Free
phillippines,Error Free
phillippines,Error Free
phillippines,Error Free
phillippines,Error Free
phillippines,Error Free
phillippines,Error Free
phillippines,Error Free
phillippines,Error Free
phillippines,Defective
phillippines,Error Free
phillippines,Error Free
phillippines,Error Free
phillippines,Error Free
phillippines,Error Free
phillippines,Defective
phillippines,Error Free
phillippines,Defective
phillippines,Error Free
phillippines,Error Free
phillippines,Defective
phillippines,Error Free
phillippines,Error Free
phillippines,Defective
phillippines,Error Free
phillippines,Error Free
phillippines,Error Free
phillippines,Error Free
phillippines,Error Free
phillippines,Error Free
phillippines,Error Free
phillippines,Error Free
phillippines,Error Free
phillippines,Error Free
phillippines,Error Free
phillippines,Defective
phillippines,Error Free
phillippines,Error Free
phillippines,Error Free
phillippines,Error Free
phillippines,Error Free
phillippines,Error Free
phillippines,Error Free
phillippines,Error Free
phillippines,Error Free
phillippines,Error Free
phillippines,Error Free
phillippines,Defective
phillippines,Error Free
phillippines,Error Free
phillippines,Error Free
phillippines,Error Free
phillippines,Error Free
phillippines,Defective
phillippines,Defective
phillippines,Error Free
phillippines,Error Free
phillippines,Error Free
phillippines,Defective
phillippines,Defective
phillippines,Error Free
phillippines,Error Free
phillippines,Error Free
phillippines,Error Free
phillippines,Error Free
phillippines,Defective
phillippines,Error Free
phillippines,Error Free
phillippines,Error Free
phillippines,Error Free
phillippines,Error Free
phillippines,Error Free
phillippines,Error Free
phillippines,Error Free
phillippines,Defective
phillippines,Error Free
phillippines,Error Free
phillippines,Defective
phillippines,Defective
phillippines,Defective
phillippines,Error Free
phillippines,Error Free
phillippines,Error Free
phillippines,Error Free
phillippines,Error Free
phillippines,Error Free
phillippines,Error Free
phillippines,Error Free
phillippines,Error Free
phillippines,Error Free
phillippines,Error Free
phillippines,Error Free
phillippines,Error Free
phillippines,Defective
phillippines,Error Free
phillippines,Error Free
phillippines,Error Free
phillippines,Error Free
phillippines,Error Free
phillippines,Error Free
phillippines,Error Free
phillippines,Error Free
phillippines,Error Free
phillippines,Error Free
phillippines,Defective
phillippines,Error Free
phillippines,Error Free
phillippines,Error Free
phillippines,Error Free
phillippines,Error Free
phillippines,Error Free
phillippines,Error Free
phillippines,Error Free
phillippines,Error Free
phillippines,Error Free
phillippines,Error Free
phillippines,Error Free
phillippines,Error Free
phillippines,Defective
phillippines,Error Free
phillippines,Error Free
phillippines,Error Free
phillippines,Error Free
phillippines,Error Free
phillippines,Error Free
phillippines,Error Free
phillippines,Error Free
phillippines,Error Free
phillippines,Error Free
phillippines,Error Free
phillippines,Error Free
phillippines,Error Free
phillippines,Error Free
phillippines,Error Free
phillippines,Error Free
phillippines,Error Free
phillippines,Error Free
phillippines,Error Free
phillippines,Error Free
phillippines,Error Free
phillippines,Error Free
phillippines,Defective
phillippines,Error Free
phillippines,Defective
phillippines,Error Free
phillippines,Error Free
phillippines,Error Free
phillippines,Error Free
phillippines,Error Free
phillippines,Error Free
phillippines,Error Free
phillippines,Error Free
phillippines,Error Free
phillippines,Error Free
phillippines,Error Free
phillippines,Error Free
phillippines,Error Free
phillippines,Error Free
phillippines,Error Free
phillippines,Error Free
phillippines,Error Free
phillippines,Defective
phillippines,Error Free
phillippines,Error Free
phillippines,Error Free
phillippines,Error Free
phillippines,Error Free
phillippines,Error Free
phillippines,Error Free
phillippines,Error Free
phillippines,Error Free
phillippines,Error Free
phillippines,Error Free
phillippines,Error Free
phillippines,Error Free
phillippines,Error Free
phillippines,Error Free
phillippines,Error Free
phillippines,Error Free
phillippines,Error Free
phillippines,Error Free
phillippines,Error Free
phillippines,Error Free
phillippines,Error Free
phillippines,Error Free
phillippines,Error Free
phillippines,Error Free
phillippines,Error Free
phillippines,Error Free
phillippines,Error Free
phillippines,Error Free
phillippines,Error Free
phillippines,Error Free
phillippines,Error Free
phillippines,Error Free
phillippines,Error Free
phillippines,Error Free
phillippines,Error Free
phillippines,Defective
phillippines,Error Free
phillippines,Defective
phillippines,Error Free
phillippines,Error Free
phillippines,Error Free
phillippines,Error Free
phillippines,Error Free
phillippines,Error Free
phillippines,Error Free
phillippines,Error Free
phillippines,Error Free
phillippines,Error Free
phillippines,Error Free
phillippines,Error Free
phillippines,Error Free
phillippines,Error Free
phillippines,Error Free
phillippines,Error Free
phillippines,Error Free
phillippines,Error Free
phillippines,Error Free
phillippines,Error Free
phillippines,Error Free
phillippines,Error Free
phillippines,Error Free
phillippines,Error Free
phillippines,Error Free
phillippines,Error Free
phillippines,Error Free
phillippines,Error Free
phillippines,Error Free
phillippines,Error Free
phillippines,Error Free
phillippines,Error Free
phillippines,Error Free
phillippines,Error Free
phillippines,Error Free
phillippines,Error Free
phillippines,Error Free
phillippines,Error Free
phillippines,Error Free
phillippines,Error Free
phillippines,Error Free
phillippines,Error Free
phillippines,Error Free
phillippines,Error Free
phillippines,Error Free
phillippines,Error Free
phillippines,Error Free
phillippines,Error Free
phillippines,Error Free
phillippines,Error Free
phillippines,Error Free
phillippines,Error Free
phillippines,Error Free
phillippines,Error Free
phillippines,Error Free
phillippines,Error Free
phillippines,Error Free
phillippines,Error Free
phillippines,Error Free
phillippines,Error Free
phillippines,Error Free
phillippines,Error Free
phillippines,Error Free
phillippines,Error Free
phillippines,Defective
phillippines,Error Free
phillippines,Defective
phillippines,Error Free
phillippines,Error Free
phillippines,Error Free
phillippines,Error Free
phillippines,Error Free
phillippines,Error Free
phillippines,Error Free
phillippines,Error Free
Indonesia,Error Free
Indonesia,Error Free
Indonesia,Defective
Indonesia,Error Free
Indonesia,Error Free
Indonesia,Error Free
Indonesia,Defective
Indonesia,Error Free
Indonesia,Error Free
Indonesia,Error Free
Indonesia,Error Free
Indonesia,Error Free
Indonesia,Error Free
Indonesia,Error Free
Indonesia,Error Free
Indonesia,Error Free
Indonesia,Error Free
Indonesia,Error Free
Indonesia,Error Free
Indonesia,Error Free
Indonesia,Error Free
Indonesia,Error Free
Indonesia,Error Free
Indonesia,Error Free
Indonesia,Error Free
Indonesia,Error Free
Indonesia,Error Free
Indonesia,Error Free
Indonesia,Error Free
Indonesia,Error Free
Indonesia,Error Free
Indonesia,Error Free
Indonesia,Error Free
Indonesia,Error Free
Indonesia,Error Free
Indonesia,Error Free
Indonesia,Error Free
Indonesia,Error Free
Indonesia,Error Free
Indonesia,Error Free
Indonesia,Error Free
Indonesia,Error Free
Indonesia,Error Free
Indonesia,Error Free
Indonesia,Error Free
Indonesia,Error Free
Indonesia,Error Free
Indonesia,Error Free
Indonesia,Error Free
Indonesia,Error Free
Indonesia,Error Free
Indonesia,Defective
Indonesia,Error Free
Indonesia,Error Free
Indonesia,Error Free
Indonesia,Error Free
Indonesia,Error Free
Indonesia,Error Free
Indonesia,Error Free
Indonesia,Error Free
Indonesia,Error Free
Indonesia,Error Free
Indonesia,Error Free
Indonesia,Error Free
Indonesia,Error Free
Indonesia,Error Free
Indonesia,Error Free
Indonesia,Error Free
Indonesia,Defective
Indonesia,Error Free
Indonesia,Error Free
Indonesia,Defective
Indonesia,Error Free
Indonesia,Error Free
Indonesia,Error Free
Indonesia,Error Free
Indonesia,Error Free
Indonesia,Error Free
Indonesia,Error Free
Indonesia,Error Free
Indonesia,Error Free
Indonesia,Error Free
Indonesia,Error Free
Indonesia,Error Free
Indonesia,Error Free
Indonesia,Error Free
Indonesia,Error Free
Indonesia,Error Free
Indonesia,Error Free
Indonesia,Defective
Indonesia,Error Free
Indonesia,Error Free
Indonesia,Error Free
Indonesia,Error Free
Indonesia,Error Free
Indonesia,Error Free
Indonesia,Defective
Indonesia,Error Free
Indonesia,Error Free
Indonesia,Error Free
Indonesia,Error Free
Indonesia,Error Free
Indonesia,Error Free
Indonesia,Error Free
Indonesia,Error Free
Indonesia,Error Free
Indonesia,Error Free
Indonesia,Error Free
Indonesia,Error Free
Indonesia,Defective
Indonesia,Error Free
Indonesia,Error Free
Indonesia,Error Free
Indonesia,Error Free
Indonesia,Defective
Indonesia,Error Free
Indonesia,Error Free
Indonesia,Error Free
Indonesia,Error Free
Indonesia,Error Free
Indonesia,Error Free
Indonesia,Error Free
Indonesia,Error Free
Indonesia,Error Free
Indonesia,Error Free
Indonesia,Error Free
Indonesia,Defective
Indonesia,Error Free
Indonesia,Error Free
Indonesia,Error Free
Indonesia,Error Free
Indonesia,Error Free
Indonesia,Error Free
Indonesia,Error Free
Indonesia,Error Free
Indonesia,Error Free
Indonesia,Error Free
Indonesia,Error Free
Indonesia,Defective
Indonesia,Defective
Indonesia,Error Free
Indonesia,Error Free
Indonesia,Error Free
Indonesia,Error Free
Indonesia,Error Free
Indonesia,Error Free
Indonesia,Error Free
Indonesia,Error Free
Indonesia,Error Free
Indonesia,Error Free
Indonesia,Defective
Indonesia,Error Free
Indonesia,Error Free
Indonesia,Error Free
Indonesia,Error Free
Indonesia,Error Free
Indonesia,Error Free
Indonesia,Error Free
Indonesia,Error Free
Indonesia,Defective
Indonesia,Error Free
Indonesia,Error Free
Indonesia,Error Free
Indonesia,Error Free
Indonesia,Error Free
Indonesia,Error Free
Indonesia,Error Free
Indonesia,Error Free
Indonesia,Defective
Indonesia,Error Free
Indonesia,Defective
Indonesia,Error Free
Indonesia,Error Free
Indonesia,Error Free
Indonesia,Error Free
Indonesia,Defective
Indonesia,Error Free
Indonesia,Error Free
Indonesia,Error Free
Indonesia,Defective
Indonesia,Error Free
Indonesia,Error Free
Indonesia,Error Free
Indonesia,Defective
Indonesia,Error Free
Indonesia,Error Free
Indonesia,Defective
Indonesia,Error Free
Indonesia,Error Free
Indonesia,Error Free
Indonesia,Error Free
Indonesia,Error Free
Indonesia,Error Free
Indonesia,Error Free
Indonesia,Error Free
Indonesia,Error Free
Indonesia,Error Free
Indonesia,Error Free
Indonesia,Defective
Indonesia,Error Free
Indonesia,Error Free
Indonesia,Error Free
Indonesia,Error Free
Indonesia,Error Free
Indonesia,Error Free
Indonesia,Error Free
Indonesia,Error Free
Indonesia,Defective
Indonesia,Error Free
Indonesia,Error Free
Indonesia,Error Free
Indonesia,Error Free
Indonesia,Error Free
Indonesia,Error Free
Indonesia,Error Free
Indonesia,Error Free
Indonesia,Defective
Indonesia,Error Free
Indonesia,Error Free
Indonesia,Error Free
Indonesia,Error Free
Indonesia,Error Free
Indonesia,Error Free
Indonesia,Error Free
Indonesia,Error Free
Indonesia,Defective
Indonesia,Error Free
Indonesia,Error Free
Indonesia,Error Free
Indonesia,Error Free
Indonesia,Error Free
Indonesia,Error Free
Indonesia,Error Free
Indonesia,Error Free
Indonesia,Defective
Indonesia,Error Free
Indonesia,Error Free
Indonesia,Error Free
Indonesia,Error Free
Indonesia,Error Free
Indonesia,Error Free
Indonesia,Error Free
Indonesia,Error Free
Indonesia,Defective
Indonesia,Error Free
Indonesia,Error Free
Indonesia,Error Free
Indonesia,Error Free
Indonesia,Error Free
Indonesia,Error Free
Indonesia,Error Free
Indonesia,Error Free
Indonesia,Error Free
Indonesia,Defective
Indonesia,Error Free
Indonesia,Error Free
Indonesia,Error Free
Indonesia,Error Free
Indonesia,Error Free
Indonesia,Error Free
Indonesia,Error Free
Indonesia,Defective
Indonesia,Error Free
Indonesia,Error Free
Indonesia,Error Free
Indonesia,Error Free
Indonesia,Error Free
Indonesia,Error Free
Indonesia,Error Free
Indonesia,Error Free
Indonesia,Error Free
Indonesia,Error Free
Indonesia,Error Free
Indonesia,Error Free
Indonesia,Defective
Indonesia,Error Free
Indonesia,Error Free
Indonesia,Error Free
Indonesia,Error Free
Indonesia,Error Free
Indonesia,Error Free
Indonesia,Error Free
Indonesia,Error Free
Indonesia,Defective
Indonesia,Error Free
Indonesia,Error Free
Indonesia,Error Free
Indonesia,Error Free
Indonesia,Error Free
Indonesia,Error Free
Indonesia,Error Free
Indonesia,Error Free
Indonesia,Defective
Indonesia,Error Free
Indonesia,Defective
Indonesia,Error Free
Indonesia,Error Free
Indonesia,Error Free
Indonesia,Error Free
Indonesia,Defective
Malta,Defective
Malta,Error Free
Malta,Defective
Malta,Error Free
Malta,Defective
Malta,Error Free
Malta,Error Free
Malta,Error Free
Malta,Error Free
Malta,Error Free
Malta,Error Free
Malta,Error Free
Malta,Error Free
Malta,Error Free
Malta,Error Free
Malta,Defective
Malta,Error Free
Malta,Error Free
Malta,Error Free
Malta,Error Free
Malta,Error Free
Malta,Defective
Malta,Error Free
Malta,Error Free
Malta,Error Free
Malta,Error Free
Malta,Error Free
Malta,Error Free
Malta,Error Free
Malta,Error Free
Malta,Error Free
Malta,Error Free
Malta,Error Free
Malta,Error Free
Malta,Error Free
Malta,Error Free
Malta,Error Free
Malta,Defective
Malta,Error Free
Malta,Defective
Malta,Error Free
Malta,Error Free
Malta,Error Free
Malta,Error Free
Malta,Defective
Malta,Error Free
Malta,Error Free
Malta,Error Free
Malta,Error Free
Malta,Error Free
Malta,Error Free
Malta,Error Free
Malta,Error Free
Malta,Error Free
Malta,Error Free
Malta,Error Free
Malta,Error Free
Malta,Error Free
Malta,Error Free
Malta,Error Free
Malta,Error Free
Malta,Error Free
Malta,Error Free
Malta,Error Free
Malta,Error Free
Malta,Error Free
Malta,Defective
Malta,Error Free
Malta,Error Free
Malta,Error Free
Malta,Error Free
Malta,Error Free
Malta,Error Free
Malta,Defective
Malta,Error Free
Malta,Defective
Malta,Error Free
Malta,Error Free
Malta,Error Free
Malta,Error Free
Malta,Error Free
Malta,Error Free
Malta,Error Free
Malta,Error Free
Malta,Error Free
Malta,Defective
Malta,Error Free
Malta,Defective
Malta,Defective
Malta,Error Free
Malta,Error Free
Malta,Error Free
Malta,Error Free
Malta,Error Free
Malta,Error Free
Malta,Error Free
Malta,Error Free
Malta,Error Free
Malta,Error Free
Malta,Defective
Malta,Error Free
Malta,Defective
Malta,Error Free
Malta,Error Free
Malta,Error Free
Malta,Error Free
Malta,Error Free
Malta,Error Free
Malta,Error Free
Malta,Error Free
Malta,Error Free
Malta,Error Free
Malta,Error Free
Malta,Error Free
Malta,Error Free
Malta,Error Free
Malta,Error Free
Malta,Error Free
Malta,Error Free
Malta,Error Free
Malta,Error Free
Malta,Error Free
Malta,Defective
Malta,Error Free
Malta,Error Free
Malta,Error Free
Malta,Error Free
Malta,Error Free
Malta,Error Free
Malta,Error Free
Malta,Error Free
Malta,Error Free
Malta,Error Free
Malta,Error Free
Malta,Error Free
Malta,Error Free
Malta,Error Free
Malta,Error Free
Malta,Error Free
Malta,Error Free
Malta,Error Free
Malta,Error Free
Malta,Defective
Malta,Error Free
Malta,Error Free
Malta,Error Free
Malta,Error Free
Malta,Error Free
Malta,Error Free
Malta,Error Free
Malta,Defective
Malta,Error Free
Malta,Error Free
Malta,Error Free
Malta,Error Free
Malta,Error Free
Malta,Error Free
Malta,Error Free
Malta,Error Free
Malta,Error Free
Malta,Error Free
Malta,Error Free
Malta,Error Free
Malta,Error Free
Malta,Defective
Malta,Error Free
Malta,Error Free
Malta,Error Free
Malta,Error Free
Malta,Error Free
Malta,Error Free
Malta,Error Free
Malta,Error Free
Malta,Defective
Malta,Error Free
Malta,Defective
Malta,Error Free
Malta,Error Free
Malta,Error Free
Malta,Error Free
Malta,Error Free
Malta,Error Free
Malta,Error Free
Malta,Error Free
Malta,Error Free
Malta,Error Free
Malta,Error Free
Malta,Error Free
Malta,Error Free
Malta,Error Free
Malta,Error Free
Malta,Error Free
Malta,Error Free
Malta,Error Free
Malta,Error Free
Malta,Error Free
Malta,Error Free
Malta,Error Free
Malta,Error Free
Malta,Error Free
Malta,Error Free
Malta,Error Free
Malta,Error Free
Malta,Error Free
Malta,Error Free
Malta,Error Free
Malta,Error Free
Malta,Defective
Malta,Error Free
Malta,Error Free
Malta,Error Free
Malta,Error Free
Malta,Error Free
Malta,Error Free
Malta,Error Free
Malta,Error Free
Malta,Error Free
Malta,Error Free
Malta,Error Free
Malta,Error Free
Malta,Error Free
Malta,Defective
Malta,Error Free
Malta,Error Free
Malta,Error Free
Malta,Error Free
Malta,Error Free
Malta,Error Free
Malta,Error Free
Malta,Error Free
Malta,Error Free
Malta,Error Free
Malta,Error Free
Malta,Error Free
Malta,Defective
Malta,Error Free
Malta,Error Free
Malta,Error Free
Malta,Error Free
Malta,Error Free
Malta,Error Free
Malta,Error Free
Malta,Error Free
Malta,Error Free
Malta,Error Free
Malta,Error Free
Malta,Error Free
Malta,Error Free
Malta,Error Free
Malta,Error Free
Malta,Error Free
Malta,Error Free
Malta,Error Free
Malta,Defective
Malta,Error Free
Malta,Error Free
Malta,Error Free
Malta,Error Free
Malta,Error Free
Malta,Error Free
Malta,Error Free
Malta,Defective
Malta,Error Free
Malta,Error Free
Malta,Error Free
Malta,Error Free
Malta,Error Free
Malta,Error Free
Malta,Error Free
Malta,Error Free
Malta,Error Free
Malta,Error Free
Malta,Error Free
Malta,Error Free
Malta,Defective
Malta,Error Free
Malta,Error Free
Malta,Error Free
Malta,Error Free
Malta,Error Free
Malta,Error Free
Malta,Error Free
Malta,Error Free
Malta,Error Free
Malta,Error Free
Malta,Error Free
Malta,Error Free
Malta,Error Free
Malta,Defective
Malta,Error Free
Malta,Error Free
Malta,Error Free
Malta,Error Free
Malta,Error Free
Malta,Error Free
Malta,Error Free
Malta,Error Free
Malta,Defective
Malta,Error Free
Malta,Defective
India,Error Free
India,Defective
India,Error Free
India,Error Free
India,Error Free
India,Error Free
India,Error Free
India,Error Free
India,Error Free
India,Error Free
India,Error Free
India,Error Free
India,Defective
India,Error Free
India,Error Free
India,Error Free
India,Error Free
India,Error Free
India,Error Free
India,Defective
India,Error Free
India,Error Free
India,Error Free
India,Error Free
India,Error Free
India,Error Free
India,Error Free
India,Error Free
India,Error Free
India,Error Free
India,Error Free
India,Defective
India,Error Free
India,Error Free
India,Error Free
India,Error Free
India,Error Free
India,Error Free
India,Error Free
India,Error Free
India,Error Free
India,Error Free
India,Error Free
India,Error Free
India,Error Free
India,Error Free
India,Error Free
India,Error Free
India,Error Free
India,Defective
India,Error Free
India,Error Free
India,Error Free
India,Error Free
India,Error Free
India,Error Free
India,Error Free
India,Error Free
India,Error Free
India,Error Free
India,Defective
India,Error Free
India,Error Free
India,Error Free
India,Error Free
India,Error Free
India,Error Free
India,Error Free
India,Error Free
India,Error Free
India,Error Free
India,Error Free
India,Error Free
India,Error Free
India,Error Free
India,Error Free
India,Error Free
India,Error Free
India,Defective
India,Error Free
India,Error Free
India,Defective
India,Error Free
India,Error Free
India,Error Free
India,Error Free
India,Error Free
India,Error Free
India,Error Free
India,Error Free
India,Error Free
India,Error Free
India,Error Free
India,Error Free
India,Error Free
India,Error Free
India,Error Free
India,Error Free
India,Error Free
India,Error Free
India,Error Free
India,Error Free
India,Error Free
India,Error Free
India,Error Free
India,Error Free
India,Error Free
India,Error Free
India,Error Free
India,Error Free
India,Error Free
India,Error Free
India,Error Free
India,Error Free
India,Error Free
India,Error Free
India,Error Free
India,Error Free
India,Error Free
India,Error Free
India,Error Free
India,Error Free
India,Error Free
India,Error Free
India,Error Free
India,Error Free
India,Error Free
India,Error Free
India,Error Free
India,Error Free
India,Error Free
India,Error Free
India,Error Free
India,Error Free
India,Error Free
India,Error Free
India,Error Free
India,Defective
India,Defective
India,Error Free
India,Error Free
India,Error Free
India,Error Free
India,Error Free
India,Error Free
India,Error Free
India,Error Free
India,Error Free
India,Error Free
India,Error Free
India,Error Free
India,Error Free
India,Error Free
India,Error Free
India,Error Free
India,Error Free
India,Error Free
India,Error Free
India,Error Free
India,Error Free
India,Error Free
India,Defective
India,Error Free
India,Error Free
India,Error Free
India,Error Free
India,Error Free
India,Error Free
India,Error Free
India,Error Free
India,Error Free
India,Error Free
India,Error Free
India,Error Free
India,Error Free
India,Error Free
India,Error Free
India,Defective
India,Defective
India,Error Free
India,Error Free
India,Error Free
India,Error Free
India,Defective
India,Defective
India,Error Free
India,Error Free
India,Defective
India,Error Free
India,Error Free
India,Error Free
India,Error Free
India,Error Free
India,Error Free
India,Error Free
India,Error Free
India,Error Free
India,Defective
India,Error Free
India,Error Free
India,Error Free
India,Error Free
India,Error Free
India,Error Free
India,Error Free
India,Error Free
India,Error Free
India,Error Free
India,Error Free
India,Error Free
India,Error Free
India,Error Free
India,Error Free
India,Error Free
India,Error Free
India,Error Free
India,Error Free
India,Error Free
India,Defective
India,Error Free
India,Error Free
India,Error Free
India,Error Free
India,Error Free
India,Error Free
India,Error Free
India,Error Free
India,Error Free
India,Error Free
India,Error Free
India,Error Free
India,Error Free
India,Error Free
India,Error Free
India,Error Free
India,Error Free
India,Error Free
India,Error Free
India,Error Free
India,Error Free
India,Error Free
India,Error Free
India,Error Free
India,Error Free
India,Error Free
India,Defective
India,Error Free
India,Error Free
India,Error Free
India,Error Free
India,Error Free
India,Error Free
India,Error Free
India,Error Free
India,Error Free
India,Error Free
India,Error Free
India,Error Free
India,Error Free
India,Error Free
India,Error Free
India,Error Free
India,Error Free
India,Error Free
India,Error Free
India,Error Free
India,Error Free
India,Error Free
India,Error Free
India,Error Free
India,Error Free
India,Error Free
India,Error Free
India,Error Free
India,Error Free
India,Error Free
India,Error Free
India,Error Free
India,Error Free
India,Error Free
India,Error Free
India,Error Free
India,Error Free
India,Error Free
India,Error Free
India,Defective
India,Error Free
India,Error Free
India,Error Free
India,Error Free
India,Error Free
India,Error Free
India,Error Free
India,Error Free
India,Error Free
India,Error Free
India,Error Free
India,Error Free
India,Error Free
India,Error Free
